{
    "employees":[
        {"firstName":"John", "lastName":"Doe"},
        {"firstName":"Anna", "lastName":"Smith"},
        {"firstName":"Peter", "lastName":"Jones"}
    ],
    "markers": [
        {
          "name": "Google, 8th Avenue",
          "position": [40.7414728,-74.0055813]
        },
        {
          "name": "Microsoft, Times Square",
          "location": [40.7565323,-73.9904037]
        },
        {
          "name": "Tesla, Washington Street",
          "location": [40.7411595,-74.0097167]    
        },
        {
          "name": "Amazon New York",
          "location": [40.7532822,-74.0010696]
        }
      ],
      "students":[
        {
          "name":"ad",
          "marks":9
        },
        {
          "name":"adi",
          "marks":10
        },
        {
          "name":"adit",
          "marks":8
        },
        {
          "name":"aditi",
          "marks":7
        }
      ]
}
    
    